gender,title,first_name,last_name,email,user_id,username,password,salt,md5,sha1,sha256,dob,dob_age,registered,registered_age,phone,cell,id_name,id_value,nat,user_id,large_url,medium_url,thumbnail_url,user_id,street_number,street_name,city,state,country,postcode,latitude,longitude,timezone_offset,timezone_description
female,Miss,Eva,Thomas,eva.thomas@example.com,4b38204f-47c2-4d40-8320-739ac64c3658,beautifulkoala289,bond007,DXjZqcXo,894cad98fe02ed3a391a18dea677217b,a6b84be0fdd224a8f471a4ce841a12bf511cf429,f1111cb25fd3e53e4c5e2e78705ed6ec353b7115db5b0a8154b3ae5aa57baf1a,1980-01-24,44,2015-09-09,8,(427)-243-5988,(363)-875-9003,,NULL,NZ,4b38204f-47c2-4d40-8320-739ac64c3658,https://randomuser.me/api/portraits/women/74.jpg,https://randomuser.me/api/portraits/med/women/74.jpg,https://randomuser.me/api/portraits/thumb/women/74.jpg,4b38204f-47c2-4d40-8320-739ac64c3658,1644,"Balmoral Road",Hamilton,"West Coast","New Zealand",32981,49.784900,50.693600,+2:00,"Kaliningrad, South Africa"
female,Miss,Trupti,Raval,trupti.raval@example.com,ec5d9d59-be63-40c8-9d16-920af8a52eb6,heavymeercat255,battle,5yobWGwZ,1c0dcbc31305e9957fc7002e03e42f89,63e68ed5954bd22800935415ed0ebf501c526151,eaf6a921068e39683ff0b2485adcef4149ef7769123240f7e2f1b8a94d26d3dc,1948-01-23,76,2015-09-02,8,8631974655,7313837761,UIDAI,990713255845,IN,ec5d9d59-be63-40c8-9d16-920af8a52eb6,https://randomuser.me/api/portraits/women/94.jpg,https://randomuser.me/api/portraits/med/women/94.jpg,https://randomuser.me/api/portraits/thumb/women/94.jpg,ec5d9d59-be63-40c8-9d16-920af8a52eb6,6198,"Shakespeare Sarani",Guntur,Maharashtra,India,74043,11.487700,85.457100,+7:00,"Bangkok, Hanoi, Jakarta"
male,Mr,Felipe,Gallardo,felipe.gallardo@example.com,542f63f8-0974-48be-b919-fdeca005714d,beautifulmeercat991,maxim,dMBtHS3D,ce743185c12c19626d9a203259d7b182,21650b51ffbcbf26a307475b40f6cf0f0ed4140e,ce56eceee814c022d0a3a08e44d3413f5d9b81f454c72c40cde59ceb6d96d3d4,1990-10-25,33,2020-02-14,4,960-034-128,649-509-938,DNI,60012614-Q,ES,542f63f8-0974-48be-b919-fdeca005714d,https://randomuser.me/api/portraits/men/77.jpg,https://randomuser.me/api/portraits/med/men/77.jpg,https://randomuser.me/api/portraits/thumb/men/77.jpg,542f63f8-0974-48be-b919-fdeca005714d,9836,"Calle de Bravo Murillo",Córdoba,"Región de Murcia",Spain,57428,-34.382900,-35.094800,-8:00,"Pacific Time (US & Canada)"
female,Ms,Esma,Bademci,esma.bademci@example.com,52d3d8e2-f0f4-498c-8b85-dcf872fd9909,goldensnake823,longer,a8rKHVUR,335fc64c29bf1c6655de5005a8c265f1,67ae10d5dda425a6a99df11a10276e7363610d2c,b3bad9b9b15b221ad0db037e676be0bd5e7b9188b44a0217d1bdb96631cc996d,1999-08-30,24,2013-03-03,11,(198)-560-5574,(630)-173-8324,,NULL,TR,52d3d8e2-f0f4-498c-8b85-dcf872fd9909,https://randomuser.me/api/portraits/women/42.jpg,https://randomuser.me/api/portraits/med/women/42.jpg,https://randomuser.me/api/portraits/thumb/women/42.jpg,52d3d8e2-f0f4-498c-8b85-dcf872fd9909,8679,"Necatibey Cd",Şırnak,Bitlis,Turkey,96217,68.693300,78.829000,-7:00,"Mountain Time (US & Canada)"
male,Mr,Robim,Castro,robim.castro@example.com,d20fc137-9bd9-4c87-ae49-fc92a7f1063a,crazymeercat946,tights,LQZKXGD6,edd3d15ba2d7780748d7e5c158e9f6a0,1a3fd7b8b19ce9a2ac8be3bc66306f50b2f5315c,13c49c14977c494e8c693a95d1d77b430030225c5c9e865ba3fdbe0fc9555816,1989-01-13,35,2014-09-20,9,"(64) 9003-2681","(82) 8189-1461",CPF,026.526.649-21,BR,d20fc137-9bd9-4c87-ae49-fc92a7f1063a,https://randomuser.me/api/portraits/men/18.jpg,https://randomuser.me/api/portraits/med/men/18.jpg,https://randomuser.me/api/portraits/thumb/men/18.jpg,d20fc137-9bd9-4c87-ae49-fc92a7f1063a,9812,"Rua São João ",Barueri,"Distrito Federal",Brazil,51710,-73.718500,-174.224500,-11:00,"Midway Island, Samoa"
female,Miss,Maria,Nielsen,maria.nielsen@example.com,aa4644ab-b31b-41eb-9090-f9a3a3f94349,angryzebra630,maxx,neQh5Seb,86470ea51bd2ca35dd40a29316b9d081,030fbf9351fa902ebf77b007ea04d3c46c4af613,6085409ba24a99fc4f12628898f2efe3b149ff64f69ef05f18bf7307cfdd6a75,1980-06-20,44,2006-11-10,17,29622254,19680797,CPR,200680-6510,DK,aa4644ab-b31b-41eb-9090-f9a3a3f94349,https://randomuser.me/api/portraits/women/65.jpg,https://randomuser.me/api/portraits/med/women/65.jpg,https://randomuser.me/api/portraits/thumb/women/65.jpg,aa4644ab-b31b-41eb-9090-f9a3a3f94349,2797,Grejsdalsvej,"Randers Nø",Sjælland,Denmark,72312,-44.107900,123.457800,-1:00,"Azores, Cape Verde Islands"
female,Ms,Laila,Jesus,laila.jesus@example.com,88c29c41-b2f4-4bfa-b111-6897192bc5ab,beautifulkoala554,airbus,k9sT0NSg,7152f3a3880de198d7f1bbcc259ba9a9,fd4fa4a9c06b6c3a11f1a9bd839f1d523cea063e,45d8939b454cd07f8c557ff600c7bdb15d2d012e56e67036b2cb420ccf302777,1979-02-16,45,2012-02-01,12,"(51) 6736-7805","(92) 7270-8486",CPF,942.613.954-41,BR,88c29c41-b2f4-4bfa-b111-6897192bc5ab,https://randomuser.me/api/portraits/women/11.jpg,https://randomuser.me/api/portraits/med/women/11.jpg,https://randomuser.me/api/portraits/thumb/women/11.jpg,88c29c41-b2f4-4bfa-b111-6897192bc5ab,5864,"Rua São Luiz ","Coronel Fabriciano",Amapá,Brazil,75453,-75.588500,125.172400,-7:00,"Mountain Time (US & Canada)"
male,Mr,Floyd,Davis,floyd.davis@example.com,5339683d-e446-4e8e-8729-b45be35be5ce,bigmeercat747,houses,6rsy4I4H,cf3032185a9c1fadf365760f7a185dc1,016f676e4ac1ff0888a7ba91aa348857798b28cf,95b253be12449669efe8a376316649dbffb0f550659221fdb548f3a4f7bd91ea,1960-11-09,63,2009-02-26,15,"016977 52799","07044 618512",NINO,"KN 57 36 00 S",GB,5339683d-e446-4e8e-8729-b45be35be5ce,https://randomuser.me/api/portraits/men/71.jpg,https://randomuser.me/api/portraits/med/men/71.jpg,https://randomuser.me/api/portraits/thumb/men/71.jpg,5339683d-e446-4e8e-8729-b45be35be5ce,6193,"Manor Road",Londonderry,"County Fermanagh","United Kingdom",GG23LB,-10.682500,-40.766000,-6:00,"Central Time (US & Canada), Mexico City"
male,Mr,Armando,Ordóñez,armando.ordonez@example.com,1ad7dfd3-042d-4394-b61f-3152db783673,beautifulzebra279,gretchen,ari1mLsS,32431a59e9e97c15296a7c8179828e6f,1fc6bf5b366ae5cbcfb764c6f581b4a19928f3e1,0dc15209048752dbe96fe13c7c0903ff1a33eaef7aaae4fc76360167abf25708,1948-10-11,75,2009-02-20,15,"(687) 452 3429","(692) 049 7245",NSS,"44 33 95 3582 0",MX,1ad7dfd3-042d-4394-b61f-3152db783673,https://randomuser.me/api/portraits/men/15.jpg,https://randomuser.me/api/portraits/med/men/15.jpg,https://randomuser.me/api/portraits/thumb/men/15.jpg,1ad7dfd3-042d-4394-b61f-3152db783673,4734,"Prolongación Estonia",Villanueva,Tabasco,Mexico,29233,29.594900,-91.659800,+7:00,"Bangkok, Hanoi, Jakarta"
male,Mr,سپهر,پارسا,sphr.prs@example.com,7cd80c68-1944-4978-bb61-22f88f5f4d0a,greenbutterfly256,prophet,hLspJEHB,c31e2defc7cb4b25846a0c42184bd46a,2edcfd16c9c647d96b551e4c42fa98b849765b04,4560a4ff64c67bd0d91176d3f6338b287447c2a7f6cc164787fd0af2f1800c34,1954-06-10,70,2022-02-21,2,059-39280620,0992-434-8566,,NULL,IR,7cd80c68-1944-4978-bb61-22f88f5f4d0a,https://randomuser.me/api/portraits/men/50.jpg,https://randomuser.me/api/portraits/med/men/50.jpg,https://randomuser.me/api/portraits/thumb/men/50.jpg,7cd80c68-1944-4978-bb61-22f88f5f4d0a,5015,"30 تیر",همدان,زنجان,Iran,57038,18.533800,-63.898100,+9:00,"Tokyo, Seoul, Osaka, Sapporo, Yakutsk"
female,Ms,Sofia,Petersen,sofia.petersen@example.com,ecc73b24-fc27-4ccd-8b01-03060e754b66,bigbear291,151nxjmt,YjDUWYHR,3a1bb5e1d582d7e462080ceb7523bff9,b739c1661577a6ecfac9a114e8f11ca5fef2b441,d840117e8f6341b8b3642c9063a157da4bc10af38372fd3d0ac233f4b716441f,1945-09-03,78,2010-12-03,13,84326347,01816982,CPR,030945-5917,DK,ecc73b24-fc27-4ccd-8b01-03060e754b66,https://randomuser.me/api/portraits/women/1.jpg,https://randomuser.me/api/portraits/med/women/1.jpg,https://randomuser.me/api/portraits/thumb/women/1.jpg,ecc73b24-fc27-4ccd-8b01-03060e754b66,2432,Slotsvej,Brondby,Hovedstaden,Denmark,95684,-45.731700,96.083600,+1:00,"Brussels, Copenhagen, Madrid, Paris"
female,Ms,Lauren,Ellis,lauren.ellis@example.com,93f9faa5-962c-40b8-b34a-a527f56d4269,redostrich433,denver,yiWdUHmm,14b40a4cd5c6464050dba842ab8f5a7e,9058e1d847332b8709e4d3a23145ceb6d4ff1ef7,25aa4ff3a16d4143089d6dbb554f2ed29f7712f72f1d2f91d8d291e7bcac99e3,1954-12-23,69,2011-08-05,12,"015396 35838","07112 071575",NINO,"BM 65 80 38 C",GB,93f9faa5-962c-40b8-b34a-a527f56d4269,https://randomuser.me/api/portraits/women/96.jpg,https://randomuser.me/api/portraits/med/women/96.jpg,https://randomuser.me/api/portraits/thumb/women/96.jpg,93f9faa5-962c-40b8-b34a-a527f56d4269,9620,Queensway,Peterborough,Essex,"United Kingdom",J89YJ,-8.392400,157.842000,+3:30,Tehran
male,Mr,Viljami,Harju,viljami.harju@example.com,f1f72e37-6ca3-4ef0-a932-ca579033cb03,bluecat821,morales,zXQl30cQ,1fceee6cb692549d9cc03d65b50c3493,2c206547ab2fee59deead77b8b3c5aa1846f2c8f,984e5747c5ba9f8fb85f658ed76f036f0964ea50ebf93e2d85491b820d78c83b,1983-04-07,41,2008-09-03,15,06-022-760,042-403-04-73,HETU,NaNNA071undefined,FI,f1f72e37-6ca3-4ef0-a932-ca579033cb03,https://randomuser.me/api/portraits/men/43.jpg,https://randomuser.me/api/portraits/med/men/43.jpg,https://randomuser.me/api/portraits/thumb/men/43.jpg,f1f72e37-6ca3-4ef0-a932-ca579033cb03,4485,Hermiankatu,Uusikaupunki,Kymenlaakso,Finland,51516,-27.184300,-69.475900,+10:00,"Eastern Australia, Guam, Vladivostok"
female,Ms,Penny,Gonzales,penny.gonzales@example.com,c5c00b63-5d62-48c5-98cc-362fa1e76e48,smallduck487,robocop,1AlIWwfG,24f803ca4fc84cb7ef708d3237548b05,7dccb8285a697f7b09c7c3f5e0109df4dd7a13a3,52af326050aeed60997bf07ef5b069ceb8fb455be56faf6bf04d315ff4e62b71,1952-05-06,72,2022-02-04,2,"(284) 593-5545","(566) 679-9581",SSN,453-03-0180,US,c5c00b63-5d62-48c5-98cc-362fa1e76e48,https://randomuser.me/api/portraits/women/61.jpg,https://randomuser.me/api/portraits/med/women/61.jpg,https://randomuser.me/api/portraits/thumb/women/61.jpg,c5c00b63-5d62-48c5-98cc-362fa1e76e48,178,"Samaritan Dr",Helena,Illinois,"United States",41287,86.813800,154.152900,-11:00,"Midway Island, Samoa"
female,Miss,Estelle,Dupont,estelle.dupont@example.com,531999ff-0cd5-4bc6-9b4e-deb6459a943a,tinyswan897,corleone,WZtTVxgR,f095ae2d2ecf0e75972345dcf7463073,b8c68394c36ff1a60d91f6685be5f75f0d51b6f7,0a0a756478cabdae3fed02c87d574bf47752b9e121b43d2126bc9a7e836c19ab,1985-09-20,38,2010-04-18,14,02-56-53-16-36,06-08-64-16-42,INSEE,"2850895879789 89",FR,531999ff-0cd5-4bc6-9b4e-deb6459a943a,https://randomuser.me/api/portraits/women/24.jpg,https://randomuser.me/api/portraits/med/women/24.jpg,https://randomuser.me/api/portraits/thumb/women/24.jpg,531999ff-0cd5-4bc6-9b4e-deb6459a943a,5920,"Rue de L'Abbé-Soulange-Bodin",Tours,Vendée,France,13518,-19.190400,52.152900,+3:00,"Baghdad, Riyadh, Moscow, St. Petersburg"
female,Miss,Zoe,Lam,zoe.lam@example.com,f713dfba-eeae-49ef-a325-8f54eb6b18fe,greenleopard991,birthday,3P5M394n,72cc1764c45aaced90c22a97dac43b67,22501367018d733010a8d0b49c430abd56eb88f0,a28df1c6d085d9b0c997af6f752e9ce2bbefd29435562a1fbc92c3022a359576,1965-09-11,58,2008-06-11,16,"R47 C59-9100","C28 R01-4707",SIN,274016039,CA,f713dfba-eeae-49ef-a325-8f54eb6b18fe,https://randomuser.me/api/portraits/women/89.jpg,https://randomuser.me/api/portraits/med/women/89.jpg,https://randomuser.me/api/portraits/thumb/women/89.jpg,f713dfba-eeae-49ef-a325-8f54eb6b18fe,8457,"Vimy St",Sherbrooke,Ontario,Canada,I9U6U8,-67.526900,169.871800,-7:00,"Mountain Time (US & Canada)"
male,Mr,Jack,Carpenter,jack.carpenter@example.com,728ff0e9-e749-4b42-9ae7-b429b9deacc0,whiteladybug747,pebbles,4ErJSplw,23b0eb7108434f0baff671fe949663e9,24ede4f4b4be9c1769be750aa4d6c6cf319cacea,4fddd4e22f96f07d62044001f9197f6641f496b25813ec8638598bc2ef7c8647,1962-03-17,62,2004-10-18,19,051-589-6770,081-445-1962,PPS,1370347T,IE,728ff0e9-e749-4b42-9ae7-b429b9deacc0,https://randomuser.me/api/portraits/men/59.jpg,https://randomuser.me/api/portraits/med/men/59.jpg,https://randomuser.me/api/portraits/thumb/men/59.jpg,728ff0e9-e749-4b42-9ae7-b429b9deacc0,9640,"Woodlawn Avenue",Ardee,Westmeath,Ireland,65234,-0.605100,-81.294700,+3:00,"Baghdad, Riyadh, Moscow, St. Petersburg"
male,Mr,Jamie,Boyd,jamie.boyd@example.com,7110c465-5975-4f68-bf4c-11643018b64f,crazyrabbit210,weaver,xLDu9yGn,3de1769f9132fc239314ecbfd6a514aa,87bad97f316734c33d28a0f778c25c684339cc3c,a40b9730e71748619f6dd6e2251a2694f6a65b4136d85648b748406657d1097e,1949-04-08,75,2011-01-11,13,02-0057-4293,0474-091-832,TFN,762384571,AU,7110c465-5975-4f68-bf4c-11643018b64f,https://randomuser.me/api/portraits/men/28.jpg,https://randomuser.me/api/portraits/med/men/28.jpg,https://randomuser.me/api/portraits/thumb/men/28.jpg,7110c465-5975-4f68-bf4c-11643018b64f,179,"Smokey Ln","Coffs Harbour",Queensland,Australia,8472,-87.822800,-34.621000,-10:00,Hawaii
male,Mr,Srećko,Vasić,srecko.vasic@example.com,be0f1963-8310-4264-97ec-5c0ed5a37274,tinypeacock404,javelin,HmhckzsI,4f9eb97016f06a78330d7f259f0c365b,809df3c7d643044fc27891a6696efb4265970338,e1d6d268bf0d875765021a33d34d64bdb945487ef7797ada982cfb956a9a91e6,1988-09-12,35,2003-06-12,21,033-6241-423,068-7189-587,SID,120081694,RS,be0f1963-8310-4264-97ec-5c0ed5a37274,https://randomuser.me/api/portraits/men/92.jpg,https://randomuser.me/api/portraits/med/men/92.jpg,https://randomuser.me/api/portraits/thumb/men/92.jpg,be0f1963-8310-4264-97ec-5c0ed5a37274,9955,"Bratislava Grbića",Odžaci,"North Banat",Serbia,32442,62.408900,-157.641200,-11:00,"Midway Island, Samoa"
male,Mr,Sander,Hansen,sander.hansen@example.com,c2bd748c-76ef-4663-bd27-d1b6794e1c02,blackkoala865,stocks,EA40AAn0,e618634a47331dd89f2ba19638ee9910,c448787add7a8967bde4a5c564917ca898c982ef,b5f1c516cd9ac2cb2c6fae07a227ac445e9a82616f22ace358cac16f9144a1e5,1948-12-09,75,2016-12-23,7,45290701,38513752,CPR,091248-8528,DK,c2bd748c-76ef-4663-bd27-d1b6794e1c02,https://randomuser.me/api/portraits/men/40.jpg,https://randomuser.me/api/portraits/med/men/40.jpg,https://randomuser.me/api/portraits/thumb/men/40.jpg,c2bd748c-76ef-4663-bd27-d1b6794e1c02,8506,Lyngvej,Hirtsals,Nordjylland,Denmark,78712,-41.083000,-84.251300,+5:30,"Bombay, Calcutta, Madras, New Delhi"
female,Mrs,Sara,Lira,sara.lira@example.com,e7949802-3811-44fe-bacd-dd54fc2ff953,ticklishsnake854,sandy,Hfgs94RN,e7654733f0fce909f1ec61d766432344,56efdf31e3ceea867cdf9b5ddb602a6b33e232b2,eb17f5b325052bbc5c8c6931b7ad555789ce65379c9bde47eb87eddcee369f3f,1962-09-25,61,2007-09-24,16,"(681) 996 3241","(630) 485 7576",NSS,"93 66 08 1325 5",MX,e7949802-3811-44fe-bacd-dd54fc2ff953,https://randomuser.me/api/portraits/women/92.jpg,https://randomuser.me/api/portraits/med/women/92.jpg,https://randomuser.me/api/portraits/thumb/women/92.jpg,e7949802-3811-44fe-bacd-dd54fc2ff953,5734,"Corredor Carreón","Adolfo López M. (El Jahuara )",Chiapas,Mexico,31060,29.580800,127.124100,-4:00,"Atlantic Time (Canada), Caracas, La Paz"
female,Mrs,Gabriela,Llamas,gabriela.llamas@example.com,676519a4-dc07-44a5-9860-584fffbad3a3,angryfrog599,gratis,YaDpOvwH,6df371ac21c8253a2b4d83e7b83beea2,ad6b9b829ce4e2891bf87d571b66cdbc213bca59,7fd7f002ead23c86f881b0f225dae9efa7bb83a5f50b08e4acdf9f39ae619036,1962-03-21,62,2022-02-25,2,"(697) 682 6255","(661) 696 7856",NSS,"65 30 17 2718 5",MX,676519a4-dc07-44a5-9860-584fffbad3a3,https://randomuser.me/api/portraits/women/92.jpg,https://randomuser.me/api/portraits/med/women/92.jpg,https://randomuser.me/api/portraits/thumb/women/92.jpg,676519a4-dc07-44a5-9860-584fffbad3a3,678,"Eje vial Lucio","San Andrés Timilpan",Durango,Mexico,83953,29.131800,141.607800,-3:00,"Brazil, Buenos Aires, Georgetown"
male,Mr,Salvador,García,salvador.garcia@example.com,e4c952f0-bfe7-410b-ae9c-9c2143bea059,organicsnake644,trumpet,Q86EhaSx,eb86e9e993fbe8c5028b0b133ff59bcc,df4b3efea53622de00ae1190e471bd1df6aa7bf8,103369290e17a2087d489febc72ec9763ab027a5a1a3aeae78ed19116d397b77,1988-12-22,35,2004-11-17,19,922-686-036,626-028-762,DNI,65261171-R,ES,e4c952f0-bfe7-410b-ae9c-9c2143bea059,https://randomuser.me/api/portraits/men/8.jpg,https://randomuser.me/api/portraits/med/men/8.jpg,https://randomuser.me/api/portraits/thumb/men/8.jpg,e4c952f0-bfe7-410b-ae9c-9c2143bea059,5974,"Calle de Arganzuela",Bilbao,"Región de Murcia",Spain,11698,-33.515000,-104.415800,+6:00,"Almaty, Dhaka, Colombo"
male,Mr,Tvorimir,Tugan-Baranovskiy,tvorimir.tugan-baranovskiy@example.com,edfbb843-0e66-4177-956b-8b226175025a,greenpanda557,dutch,b4AxeBDx,e634c40c20214eb7a2d2d220502460cf,8f87cdfbbcd1b30b0d3b0115b72d583b78d0987c,dbf642938ae4c6e5505df6c709bddc2e504f01c60f23b4d6c81a26603fbb1a7a,1983-11-13,40,2005-07-01,19,"(068) D43-0136","(066) R75-9452",,NULL,UA,edfbb843-0e66-4177-956b-8b226175025a,https://randomuser.me/api/portraits/men/16.jpg,https://randomuser.me/api/portraits/med/men/16.jpg,https://randomuser.me/api/portraits/thumb/men/16.jpg,edfbb843-0e66-4177-956b-8b226175025a,7263,"Provulok Mariupolskiy",Merefa,Zaporizka,Ukraine,28813,78.496900,-145.655200,+11:00,"Magadan, Solomon Islands, New Caledonia"
male,Mr,Radilo,Ravlyuk,radilo.ravlyuk@example.com,bbbd45e1-f5e2-4ed0-8343-845bc7dfdd45,brownduck579,chichi,8w6i6Zbc,21ed7501af6e6d5d22da8265a65a333c,8c3a7c67e757811e086af7d074dbf6be29dd2339,ac22bc04ab06f8c38577e46df0f07de07ec814c47b17a05ed023d8aaf8a1809d,1962-02-01,62,2009-09-15,14,"(098) M89-8833","(066) T92-8308",,NULL,UA,bbbd45e1-f5e2-4ed0-8343-845bc7dfdd45,https://randomuser.me/api/portraits/men/71.jpg,https://randomuser.me/api/portraits/med/men/71.jpg,https://randomuser.me/api/portraits/thumb/men/71.jpg,bbbd45e1-f5e2-4ed0-8343-845bc7dfdd45,8484,Dobrovolskogo,Zolotonosha,Hmelnicka,Ukraine,17890,73.743800,-41.842600,+5:45,Kathmandu
female,Mrs,June,Watson,june.watson@example.com,8f8b9cd4-c3ff-4aba-b89f-de6b7b2a4333,yellowswan894,mouse1,n88NSO8H,c1630f70a0a78f078eb24a7c06aeb9ea,37ea63d9054bf7cbb0063b2f911a40be2860840b,340426034eb94c6e9a7aceb55ae59bb9a4d643a57e3094065717d25d176385f5,1966-05-03,58,2016-07-31,7,07-1622-2270,0456-979-397,TFN,771447194,AU,8f8b9cd4-c3ff-4aba-b89f-de6b7b2a4333,https://randomuser.me/api/portraits/women/47.jpg,https://randomuser.me/api/portraits/med/women/47.jpg,https://randomuser.me/api/portraits/thumb/women/47.jpg,8f8b9cd4-c3ff-4aba-b89f-de6b7b2a4333,5721,"Spring Hill Rd",Toowoomba,"Northern Territory",Australia,7003,-82.195200,86.475300,+5:30,"Bombay, Calcutta, Madras, New Delhi"
male,Mr,Theodore,Walker,theodore.walker@example.com,ec53f142-a16d-4234-8255-545ce1f366b1,goldengoose425,bimmer,OeyYjord,e17216520822d1471f52c0c7be421398,a65b1324c31647edbc568569901a9ee2bdb5e9df,358adc73ce163984a53eb754bd0c9dbdd23a6643d812c194a82fd7fe1e07bebd,1960-10-10,63,2008-11-25,15,(909)-243-7134,(447)-774-6078,,NULL,NZ,ec53f142-a16d-4234-8255-545ce1f366b1,https://randomuser.me/api/portraits/men/79.jpg,https://randomuser.me/api/portraits/med/men/79.jpg,https://randomuser.me/api/portraits/thumb/men/79.jpg,ec53f142-a16d-4234-8255-545ce1f366b1,2072,"Walton Street",Christchurch,"Hawke'S Bay","New Zealand",25306,50.803100,-106.345300,-3:30,Newfoundland
female,Mrs,Elizabeth,Kelly,elizabeth.kelly@example.com,5752113e-5deb-465e-bc93-053d22e519cb,bluebird387,models,Z4Rzx5TX,8ee4f25ab147f2139716cb1ec4a02d9e,b5a5827781af4d84c1f3f745f75d9979ed5805e8,c1c03cf242d3ad6171ad5b3fc948414c400eff46b3454e25b8511f077d9ad59c,1956-10-06,67,2018-08-24,5,"017683 67617","07545 814112",NINO,"ZS 52 23 98 U",GB,5752113e-5deb-465e-bc93-053d22e519cb,https://randomuser.me/api/portraits/women/16.jpg,https://randomuser.me/api/portraits/med/women/16.jpg,https://randomuser.me/api/portraits/thumb/women/16.jpg,5752113e-5deb-465e-bc93-053d22e519cb,686,"Church Lane",Coventry,"West Glamorgan","United Kingdom",P62QB,-4.548800,71.653700,-7:00,"Mountain Time (US & Canada)"
female,Mrs,پریا,حسینی,pry.hsyny@example.com,d18a6e53-9d37-41e1-b6e1-f09ac3048f6c,beautifulwolf150,turtle,2oCf4gBx,596d88909086470863da20feb50c097e,2ad7867e78746801c7be630f77080ee178988d89,5aef2325fa57d0eddf47d9be3d08820b7a9c4a519b26f1db6432c974c9563a99,1979-09-27,44,2015-02-28,9,020-25947262,0985-295-3855,,NULL,IR,d18a6e53-9d37-41e1-b6e1-f09ac3048f6c,https://randomuser.me/api/portraits/women/74.jpg,https://randomuser.me/api/portraits/med/women/74.jpg,https://randomuser.me/api/portraits/thumb/women/74.jpg,d18a6e53-9d37-41e1-b6e1-f09ac3048f6c,3896,"پارک شریعتی",تهران,بوشهر,Iran,61518,18.202600,157.613800,+5:00,"Ekaterinburg, Islamabad, Karachi, Tashkent"
female,Mrs,Natacha,"da Luz",natacha.daluz@example.com,b48ab762-8492-4b40-8779-f9b90ad2b04e,organicwolf657,jokers,qKkRrdIC,d48c0c9666c52822c57f267a15837913,ae2d1b8baf2a25c261890d383be63f45be5009d1,ed03474472988ca2d2791a907523bfb7aa6870aa64984660accd64710e39e9b7,1985-10-11,38,2014-06-26,10,"(68) 1703-9075","(02) 3678-9426",CPF,281.885.467-52,BR,b48ab762-8492-4b40-8779-f9b90ad2b04e,https://randomuser.me/api/portraits/women/4.jpg,https://randomuser.me/api/portraits/med/women/4.jpg,https://randomuser.me/api/portraits/thumb/women/4.jpg,b48ab762-8492-4b40-8779-f9b90ad2b04e,7355,"Rua Onze ",Itaguaí,Amazonas,Brazil,59957,-78.088100,34.775400,+4:30,Kabul
female,Mrs,دینا,کریمی,dyn.khrymy@example.com,5d984248-5f43-4553-bcb9-147b15dc3cd2,purplebird368,qqqqqqqq,8rmvvo0W,9865d9f3fd6c1663fa94fa2885aa8c95,fc829536b1f68ee83cf41484a6b32bab45fbb376,9bc76cf9f357ad5e8444da65ff3a929aee6fd93f6c31d1fed0e0eb8dfe8228fa,1969-10-06,54,2016-03-05,8,038-72781014,0959-555-6361,,NULL,IR,5d984248-5f43-4553-bcb9-147b15dc3cd2,https://randomuser.me/api/portraits/women/7.jpg,https://randomuser.me/api/portraits/med/women/7.jpg,https://randomuser.me/api/portraits/thumb/women/7.jpg,5d984248-5f43-4553-bcb9-147b15dc3cd2,2785,ایران,بوشهر,قم,Iran,39886,13.154600,135.478800,+2:00,"Kaliningrad, South Africa"
female,Miss,Cézanne,Kole,cezanne.kole@example.com,2646f784-0c8c-4e25-b9f2-ee7f76111526,blackwolf909,walrus,YGY5ktRJ,6b93640f348fee86c66b08b582f95130,b291a5e56048b16d1c215db9dbe6a8cfbd8a0ac3,b97c18cef9a17532e53e7c0e37933366ddbdb7021c57b561f4b3b0475a786251,1972-06-23,52,2021-03-18,3,"(0995) 075876","(06) 90827180",BSN,25194556,NL,2646f784-0c8c-4e25-b9f2-ee7f76111526,https://randomuser.me/api/portraits/women/45.jpg,https://randomuser.me/api/portraits/med/women/45.jpg,https://randomuser.me/api/portraits/thumb/women/45.jpg,2646f784-0c8c-4e25-b9f2-ee7f76111526,9832,Eggerspad,Makkum,Gelderland,Netherlands,2933JT,35.113500,87.039300,-2:00,Mid-Atlantic
female,Miss,Waldtraut,Weißbach,waldtraut.weissbach@example.com,ff2b24ec-63f5-4e91-ad49-0b1e658f22c4,organicbear766,dreaming,o8v3Kg31,c003ba525706e3612a3c9e1fb0c9f7f7,8d64f376556793c82ddac2a2f82dbe4208e6af66,67a471f722af70cf13df126c2cf9f313499033681b42c5f6b87ab900808c3908,1948-05-13,76,2021-01-03,3,0359-1172723,0171-5074737,SVNR,"60 120548 W 713",DE,ff2b24ec-63f5-4e91-ad49-0b1e658f22c4,https://randomuser.me/api/portraits/women/39.jpg,https://randomuser.me/api/portraits/med/women/39.jpg,https://randomuser.me/api/portraits/thumb/women/39.jpg,ff2b24ec-63f5-4e91-ad49-0b1e658f22c4,1680,Finkenweg,Trier-Saarburg,Sachsen,Germany,44799,-52.688700,3.987600,+5:30,"Bombay, Calcutta, Madras, New Delhi"
female,Miss,Ülkü,Ozansoy,ulku.ozansoy@example.com,ea22c4ef-a10d-446f-a7da-dbc9dfe0fe21,redswan728,stroker,hb2tx0iB,f36aef40ef3bddd3877a84180f396e58,21eca4cb6446ba6b974deb77b59cbb056003c679,58bd168903d6dbac62bc934d68eafa16f2f49f08a3c79900ff4b4f1915fe797b,1989-02-02,35,2014-09-25,9,(990)-991-0586,(011)-438-9627,,NULL,TR,ea22c4ef-a10d-446f-a7da-dbc9dfe0fe21,https://randomuser.me/api/portraits/women/83.jpg,https://randomuser.me/api/portraits/med/women/83.jpg,https://randomuser.me/api/portraits/thumb/women/83.jpg,ea22c4ef-a10d-446f-a7da-dbc9dfe0fe21,7588,"Talak Göktepe Cd",Kırıkkale,Kilis,Turkey,71711,71.891300,147.467500,-8:00,"Pacific Time (US & Canada)"
female,Mrs,Adrijana,Vujičić,adrijana.vujicic@example.com,0f927071-9f89-4534-9e41-2a1cface8509,beautifuldog718,deadpool,8IKvmtf6,ebf22d1b6e7affbcb1ff20111abe073c,b9cd122da92cc2080cd3c9b3c187f2e91a257abb,1db0f63de976f7d1a1ce94bea459050081345b2bdeb5dfddad7ce10e152f0059,1949-05-31,75,2017-09-11,6,028-9530-685,068-3919-792,SID,476834688,RS,0f927071-9f89-4534-9e41-2a1cface8509,https://randomuser.me/api/portraits/women/96.jpg,https://randomuser.me/api/portraits/med/women/96.jpg,https://randomuser.me/api/portraits/thumb/women/96.jpg,0f927071-9f89-4534-9e41-2a1cface8509,4712,Badovačka,Majdanpek,Jablanica,Serbia,63457,61.546300,54.707300,-7:00,"Mountain Time (US & Canada)"
female,Ms,Graciela,"Van der Vet",graciela.vandervet@example.com,5ccacef4-55df-4185-a519-9f1ed80cc11b,organicmeercat965,bangbang,t19eHuiv,5fe638aeed404761e1de3f7f02ef6a75,494139ca0727add9b7c6d47801e6ec835a7d4848,dbee22e38f5eb4269cc9540f1c44b96e0f9c631e4c19e3cfae229f06c626e71d,1949-05-12,75,2020-02-10,4,"(0443) 555312","(06) 25561499",BSN,14098504,NL,5ccacef4-55df-4185-a519-9f1ed80cc11b,https://randomuser.me/api/portraits/women/83.jpg,https://randomuser.me/api/portraits/med/women/83.jpg,https://randomuser.me/api/portraits/thumb/women/83.jpg,5ccacef4-55df-4185-a519-9f1ed80cc11b,7634,"Klein Borkel",Zuid-Beijerland,Gelderland,Netherlands,3281JG,32.701900,150.840200,+5:00,"Ekaterinburg, Islamabad, Karachi, Tashkent"
male,Mr,Daniel,Santos,daniel.santos@example.com,4ee99cc8-f3a8-433e-a593-c2c078f5dca9,organicelephant828,durango,8nQFmp5h,1b39993ff7e8ad194f29abada5e6eb6e,207d31f9aec855eec3d98686ecb0c4110dfd0c1c,de21cb43d42b9f50069f2a2835b534d334d2c5c4929e5e7863f7b16528a9cb51,1953-07-22,70,2018-06-07,6,"(45) 9388-6516","(44) 8966-4103",CPF,985.603.341-12,BR,4ee99cc8-f3a8-433e-a593-c2c078f5dca9,https://randomuser.me/api/portraits/men/1.jpg,https://randomuser.me/api/portraits/med/men/1.jpg,https://randomuser.me/api/portraits/thumb/men/1.jpg,4ee99cc8-f3a8-433e-a593-c2c078f5dca9,6038,"Rua Rui Barbosa ",Salvador,Rondônia,Brazil,57593,-81.013300,-99.667400,+9:30,"Adelaide, Darwin"
female,Ms,Cathriona,Olson,cathriona.olson@example.com,3af36ea8-238e-4e7c-8c42-f593b752eb11,blackzebra383,darkange,oG67DWWU,1de2c17d26acef33b1cdcd08961fc2fc,7d0d4ea9bb4c78787a61121557d82ef0a5a80abd,585a0f34e93d289d4e9694ee6adba3fc89e2e3f4933212f759794b8393b05dd4,1979-03-13,45,2006-08-05,17,041-318-7106,081-056-1077,PPS,1411111T,IE,3af36ea8-238e-4e7c-8c42-f593b752eb11,https://randomuser.me/api/portraits/women/72.jpg,https://randomuser.me/api/portraits/med/women/72.jpg,https://randomuser.me/api/portraits/thumb/women/72.jpg,3af36ea8-238e-4e7c-8c42-f593b752eb11,3930,"The Grove",Naas,Limerick,Ireland,25457,2.849200,13.494800,-6:00,"Central Time (US & Canada), Mexico City"
male,Mr,Lias,Taule,lias.taule@example.com,8d5f7988-b420-4644-9540-3b30c7d0d9eb,crazybear288,enterme,Spidzrs2,e8a56e37af2cbb06740ae575a4899775,9bbc1a3a9d8d326801e9752a27162f515cd028ee,64a027842c923aa7f7e10bcc970278c5db0bee664622139137ec71ec26a6d22e,1986-12-21,37,2006-07-01,18,74808597,49017917,FN,21128634131,NO,8d5f7988-b420-4644-9540-3b30c7d0d9eb,https://randomuser.me/api/portraits/men/4.jpg,https://randomuser.me/api/portraits/med/men/4.jpg,https://randomuser.me/api/portraits/thumb/men/4.jpg,8d5f7988-b420-4644-9540-3b30c7d0d9eb,9797,Konvallveien,Olderdalen,Oppland,Norway,9030,43.616900,-31.920500,-3:30,Newfoundland
female,Mrs,Fiona,Brewer,fiona.brewer@example.com,61ab361d-0e8a-449d-b47b-12d61767eda4,sadbird229,iforget,4FOsKZ8q,d80718e306cfe71289ea8c8a7b3e3940,d50b36f12e44805d17967d0309d2cd25338d4c5b,1648d791f576ea0a86420e3a106d1ad05146693cd6264f306636a26ca48217fd,1993-01-26,31,2010-12-23,13,041-348-8621,081-469-4362,PPS,5670951T,IE,61ab361d-0e8a-449d-b47b-12d61767eda4,https://randomuser.me/api/portraits/women/10.jpg,https://randomuser.me/api/portraits/med/women/10.jpg,https://randomuser.me/api/portraits/thumb/women/10.jpg,61ab361d-0e8a-449d-b47b-12d61767eda4,2048,"Manor Road",Ballinasloe,"South Dublin",Ireland,13176,-2.959500,113.895700,+5:30,"Bombay, Calcutta, Madras, New Delhi"
male,Mr,Gauthier,Faure,gauthier.faure@example.com,54a7e65d-f048-4591-89b6-ab68ffb38f59,sadgorilla675,mikey,8cqGuLdW,13e515aa2e6fcb191cbf212e18085c80,6104ece64442b6f533a361c1004f625855dcc40e,fb12b1a4a2a5d02cc68d3fb98f3c4ca9df9c27c69e8fd1561e92cdd3257aee3a,1986-04-13,38,2010-05-06,14,05-97-15-93-57,06-98-15-06-02,INSEE,"1860396784100 30",FR,54a7e65d-f048-4591-89b6-ab68ffb38f59,https://randomuser.me/api/portraits/men/54.jpg,https://randomuser.me/api/portraits/med/men/54.jpg,https://randomuser.me/api/portraits/thumb/men/54.jpg,54a7e65d-f048-4591-89b6-ab68ffb38f59,4955,"Rue Louis-Blanqui","Le Mans",Gironde,France,83394,-15.040000,-166.750100,+5:00,"Ekaterinburg, Islamabad, Karachi, Tashkent"
male,Mr,Martín,Gómez,martin.gomez@example.com,c5465c2f-5df5-4dcc-a710-e25ad9a18137,bigbear892,jiang,t38wYYXi,45f8fcf165cb007d92b55d7460f6f541,1af2cb67e917a797d5976decb89d4f67d5332c46,6a2d92822fe6c95f9cf89734ce9eac352792ef96d9f7ce2563828d8727b68612,1954-11-07,69,2009-08-27,14,986-605-124,648-763-163,DNI,96568452-R,ES,c5465c2f-5df5-4dcc-a710-e25ad9a18137,https://randomuser.me/api/portraits/men/66.jpg,https://randomuser.me/api/portraits/med/men/66.jpg,https://randomuser.me/api/portraits/thumb/men/66.jpg,c5465c2f-5df5-4dcc-a710-e25ad9a18137,3836,"Calle de Arturo Soria","Santa Cruz de Tenerife",Canarias,Spain,95396,-37.611300,-49.089100,-5:00,"Eastern Time (US & Canada), Bogota, Lima"
female,Mrs,Aglayida,Kurilo,aglayida.kurilo@example.com,0757d4fb-b1bf-414f-8bbd-f3618f013677,smallwolf321,pierce,eU9eq8FR,f949e3188279511ea0ad812efce83fe3,33cbb38beaea93b027f72d5388b6a28a3af734f1,e9c5dc7e7a1c614355bdebc2306eba7fe0449747b6cd861f4396239d28065c82,1969-03-04,55,2004-08-07,19,"(099) A12-3449","(098) C38-8417",,NULL,UA,0757d4fb-b1bf-414f-8bbd-f3618f013677,https://randomuser.me/api/portraits/women/50.jpg,https://randomuser.me/api/portraits/med/women/50.jpg,https://randomuser.me/api/portraits/thumb/women/50.jpg,0757d4fb-b1bf-414f-8bbd-f3618f013677,8147,"Prospekt Dzyubi",Yavoriv,Sumska,Ukraine,75797,78.215200,26.905900,+1:00,"Brussels, Copenhagen, Madrid, Paris"
male,Mr,Jack,Brar,jack.brar@example.com,6164520a-849c-44fd-a22a-ba17908aa24f,blackmouse772,blam,HqMXq917,cb1cb0e8335984eee79daf9d5b4f7037,f41b503425fb0734275bb7a9f5762ab4255b2b8a,2529b26dacdd49f4ad8e937bcb7ad8e0ff1d9b6603fbc5e2e4b823ee88972988,1980-11-26,43,2003-12-18,20,"P05 Q61-2927","A38 U46-7383",SIN,212167324,CA,6164520a-849c-44fd-a22a-ba17908aa24f,https://randomuser.me/api/portraits/men/48.jpg,https://randomuser.me/api/portraits/med/men/48.jpg,https://randomuser.me/api/portraits/thumb/men/48.jpg,6164520a-849c-44fd-a22a-ba17908aa24f,2885,"Concession Road 6",Chelsea,Alberta,Canada,S2G3E5,-66.185000,-120.285100,-1:00,"Azores, Cape Verde Islands"
female,Ms,Valeria,Danilović,valeria.danilovic@example.com,e1c460be-427d-407b-b89f-47279729bf00,yellowfish510,mercury,iE2cBQBI,ae5e2853d6e9e6d0a7c48da0d835e17a,76056c9ab30ba4eab48ef02024c8382c26b56aa3,3df888549ddc861366a9428fc63d339d2e733d18ecc8c1bef5890e295218ef7c,1954-11-06,69,2011-10-27,12,021-5690-068,066-3616-951,SID,250443858,RS,e1c460be-427d-407b-b89f-47279729bf00,https://randomuser.me/api/portraits/women/59.jpg,https://randomuser.me/api/portraits/med/women/59.jpg,https://randomuser.me/api/portraits/thumb/women/59.jpg,e1c460be-427d-407b-b89f-47279729bf00,4229,"Ante Lambaše",Rekovac,Toplica,Serbia,33732,59.843900,101.122500,-3:30,Newfoundland
male,Mr,Luis,Velasco,luis.velasco@example.com,bfb4b70a-cdbd-4ac7-9efe-1eeee8759856,yellowtiger202,technics,W3UYMXC2,12074302d232ad64220885a82f5d3936,ca46223e07d6765be76589391843ef435801e978,f720800546852741abac606a086b53cbad4d625f2817b7877556319b4a4b5509,1997-10-10,26,2020-05-06,4,995-435-533,636-969-801,DNI,88768076-X,ES,bfb4b70a-cdbd-4ac7-9efe-1eeee8759856,https://randomuser.me/api/portraits/men/88.jpg,https://randomuser.me/api/portraits/med/men/88.jpg,https://randomuser.me/api/portraits/thumb/men/88.jpg,bfb4b70a-cdbd-4ac7-9efe-1eeee8759856,2681,"Calle de Ángel García",Lugo,Andalucía,Spain,71368,-32.724600,-108.318700,+5:45,Kathmandu
male,Mr,Oscar,Mckinney,oscar.mckinney@example.com,b953c530-8dad-4bb2-ad04-a2bcb681ced1,beautifulelephant699,steel,H2O1QTkk,b7819626e698b8fb4cd0bc310103c5fb,96da10d504abe75e9a27ee64bb849af88b0bdc14,08ab7d210944c55e03d2d5d68d02dbbec0fc990d9015d08f4f04ff78a7075371,1952-12-31,71,2017-01-29,7,07-3517-9819,0416-636-959,TFN,201784798,AU,b953c530-8dad-4bb2-ad04-a2bcb681ced1,https://randomuser.me/api/portraits/men/76.jpg,https://randomuser.me/api/portraits/med/men/76.jpg,https://randomuser.me/api/portraits/thumb/men/76.jpg,b953c530-8dad-4bb2-ad04-a2bcb681ced1,1916,"Spring St",Geelong,"New South Wales",Australia,4528,-86.066400,-81.851700,-2:00,Mid-Atlantic
female,Madame,Caroline,Caron,caroline.caron@example.com,220dcead-5d69-4a5d-8856-f44daf3d02fe,greenwolf369,films+pic+galeries,ZzMNw1HG,5cdc6494ee3cca61e657b11497b6c454,d34eb1655b1cbc7450c0e9295624e906312f703f,807cc32bff438d0a2688fe620cd18a937b1b4f12c9393d10b7abda79d4d1bfe6,1961-02-05,63,2019-07-18,4,"079 019 90 72","077 657 15 68",AVS,756.8050.0888.02,CH,220dcead-5d69-4a5d-8856-f44daf3d02fe,https://randomuser.me/api/portraits/women/66.jpg,https://randomuser.me/api/portraits/med/women/66.jpg,https://randomuser.me/api/portraits/thumb/women/66.jpg,220dcead-5d69-4a5d-8856-f44daf3d02fe,7563,"Rue Louis-Blanqui",Olten,Valais,Switzerland,2896,-62.521700,113.296300,+7:00,"Bangkok, Hanoi, Jakarta"
male,Mr,Claude,Meyer,claude.meyer@example.com,29a3c799-46ff-49c5-a877-ea40aab98837,heavykoala934,lions,py98JVu3,2b1f31dc05a86a6e781b7fd73fb8abd7,3373a70f57fb6f58b2b4d927aa80e189cd6268bf,ae646851f5080f46551f766a9e23f1d472a3cf2e41fc628ee1b5ede324d733ec,1980-03-27,44,2007-06-14,17,"(767) 655-2478","(882) 573-4535",SSN,066-27-7167,US,29a3c799-46ff-49c5-a877-ea40aab98837,https://randomuser.me/api/portraits/men/4.jpg,https://randomuser.me/api/portraits/med/men/4.jpg,https://randomuser.me/api/portraits/thumb/men/4.jpg,29a3c799-46ff-49c5-a877-ea40aab98837,2123,"Spring St",Lewiston,"New Jersey","United States",62450,85.981800,-177.020200,+5:00,"Ekaterinburg, Islamabad, Karachi, Tashkent"
male,Mr,Kevin,Jimenez,kevin.jimenez@example.com,9722870b-8738-4be6-a8c9-e7b5ebfd8164,smalllion916,losers,FBoIS6x5,d711d5a48dac415997cce1f38a230be1,7ddf6a74815e45925f948869f598bc279b413da4,9eea3d71096600af1867e59e8a66c6990971456b8fa6c9a3f173166f45fce443,1971-07-19,52,2016-10-29,7,09-7985-0438,0480-565-844,TFN,639871475,AU,9722870b-8738-4be6-a8c9-e7b5ebfd8164,https://randomuser.me/api/portraits/men/35.jpg,https://randomuser.me/api/portraits/med/men/35.jpg,https://randomuser.me/api/portraits/thumb/men/35.jpg,9722870b-8738-4be6-a8c9-e7b5ebfd8164,1679,"Miller Ave",Hobart,"Australian Capital Territory",Australia,9249,-86.091900,-142.907300,-9:00,Alaska
male,Mr,Gerardo,Fernández,gerardo.fernandez@example.com,555d3c47-a369-43f9-9b90-adcb786d54eb,orangebear707,pizzas,OmxMn8Me,804b8f6582c1a857cf0d4f6c1faa9e62,bb2d8885a1b5307dfac8349fa33212231f283e96,980981d1310de94e95cd8aeadff6a81fc06a0244d71b6b0e3aa934d9a0cc706d,1991-02-10,33,2017-07-16,7,"(645) 483 2976","(620) 106 9026",NSS,"41 66 21 6312 4",MX,555d3c47-a369-43f9-9b90-adcb786d54eb,https://randomuser.me/api/portraits/men/74.jpg,https://randomuser.me/api/portraits/med/men/74.jpg,https://randomuser.me/api/portraits/thumb/men/74.jpg,555d3c47-a369-43f9-9b90-adcb786d54eb,8397,"Callejón Hidalgo","Santa Catarina Juquila",Durango,Mexico,53600,26.117800,-42.626600,-3:30,Newfoundland
male,Monsieur,Patric,Roussel,patric.roussel@example.com,ce2c7208-7270-4f24-9830-03dfdd5096fa,bluebear109,krista,DlCd0jq2,b76fd5ec459fea911a0b012f805636cc,5a27e8025e589917eb68133272bcb6ffa191a927,f0fc4003ee9edf90295f489d60903f226619bf513f370f953bf306139c86e7a6,1955-04-18,69,2019-03-08,5,"079 306 39 61","076 507 17 53",AVS,756.8796.3595.67,CH,ce2c7208-7270-4f24-9830-03dfdd5096fa,https://randomuser.me/api/portraits/men/94.jpg,https://randomuser.me/api/portraits/med/men/94.jpg,https://randomuser.me/api/portraits/thumb/men/94.jpg,ce2c7208-7270-4f24-9830-03dfdd5096fa,7976,"Rue D'Abbeville",Brislach,Aargau,Switzerland,8527,-58.893400,-173.889200,-7:00,"Mountain Time (US & Canada)"
female,Mrs,Anneli,Pick,anneli.pick@example.com,1a8c6e60-0be3-48d0-bb41-51967dd858ea,bigfrog201,dreaming,U3pI1dBS,2ba40b7bf2f91b053c0b4a2889c5bac5,aadf769fdb3a082dc0b281cb4fb2219091059820,8e6eba6d9af620341bd89bdda67e1f0bc2097f5f68541abe941dede09e84487d,1978-03-16,46,2010-05-02,14,0885-3596957,0178-3377265,SVNR,"71 160378 P 709",DE,1a8c6e60-0be3-48d0-bb41-51967dd858ea,https://randomuser.me/api/portraits/women/43.jpg,https://randomuser.me/api/portraits/med/women/43.jpg,https://randomuser.me/api/portraits/thumb/women/43.jpg,1a8c6e60-0be3-48d0-bb41-51967dd858ea,4212,Schützenstraße,Karben,Baden-Württemberg,Germany,10054,-51.707600,48.848200,+5:45,Kathmandu
male,Mr,Orlindo,Pires,orlindo.pires@example.com,bc946d7c-8ccc-4989-8df6-72ba91b6af67,whitegorilla513,supreme,IXVVKIJH,35bf09aecea3e6480120fc553bb5aca2,d089297cc86356080832a01e88042009b857afdb,c2a1287ce26fa0bd88bc780eaedba3027042ad0951e8e1f4373032f58e2ef7ff,1952-08-31,71,2016-05-30,8,"(60) 7369-4403","(14) 5317-5479",CPF,605.726.646-75,BR,bc946d7c-8ccc-4989-8df6-72ba91b6af67,https://randomuser.me/api/portraits/men/66.jpg,https://randomuser.me/api/portraits/med/men/66.jpg,https://randomuser.me/api/portraits/thumb/men/66.jpg,bc946d7c-8ccc-4989-8df6-72ba91b6af67,2892,"Rua João Xxiii","São Carlos","Minas Gerais",Brazil,80524,-73.272400,-61.036600,+4:00,"Abu Dhabi, Muscat, Baku, Tbilisi"
male,Mr,Kadir,Tuğluk,kadir.tugluk@example.com,7d525452-a6d0-45e8-a527-b57922d5dff2,blackladybug729,eight,Oy1bt5FA,ad80e44574c736add990fee93a947fbe,4a851e3b6534db9e842ab3af45d763e176ecffc5,676effdab3b89a23098e15dd2b1d3ec93a669f758ca2711eb2808d7ff3e50a80,1964-09-22,59,2011-06-29,13,(118)-389-9163,(308)-241-1507,,NULL,TR,7d525452-a6d0-45e8-a527-b57922d5dff2,https://randomuser.me/api/portraits/men/62.jpg,https://randomuser.me/api/portraits/med/men/62.jpg,https://randomuser.me/api/portraits/thumb/men/62.jpg,7d525452-a6d0-45e8-a527-b57922d5dff2,1549,"Şehitler Cd",Diyarbakır,Gümüşhane,Turkey,22480,64.950000,-77.116600,-3:00,"Brazil, Buenos Aires, Georgetown"
female,Miss,Asunción,Flores,asuncion.flores@example.com,141b0c15-54ff-4e9a-bdbd-a91ae37462ff,ticklishostrich633,qazwsxed,q775KOS2,8d19b9b5fbf3bbab1c81829f70349195,b26379794c5e5c580842a9597de955d4baa22173,c65dd4554825e1061975fd987707a9303096704595e38b37f83f3a7561ee639f,1949-01-07,75,2015-05-17,9,924-331-999,681-671-131,DNI,49086053-Y,ES,141b0c15-54ff-4e9a-bdbd-a91ae37462ff,https://randomuser.me/api/portraits/women/90.jpg,https://randomuser.me/api/portraits/med/women/90.jpg,https://randomuser.me/api/portraits/thumb/women/90.jpg,141b0c15-54ff-4e9a-bdbd-a91ae37462ff,375,"Calle del Pez",Almería,"Castilla y León",Spain,39058,-32.876700,142.801500,+5:30,"Bombay, Calcutta, Madras, New Delhi"
female,Ms,Ilse,Quiñones,ilse.quinones@example.com,7bbe9712-8ae9-43ac-868f-ca773efad18f,yellowpeacock714,latinas,Q4KoOXaA,0d25a6c56923ca2daa084b64874fb249,8335c1852d0c4758a6dd2c60b42792b2990df7f0,f9abf3f311513491f861f9af2b3239c4537b17637d8c89f28829d31253a94ab9,1971-09-14,52,2011-02-15,13,"(699) 681 5966","(645) 257 7356",NSS,"52 65 95 5611 1",MX,7bbe9712-8ae9-43ac-868f-ca773efad18f,https://randomuser.me/api/portraits/women/18.jpg,https://randomuser.me/api/portraits/med/women/18.jpg,https://randomuser.me/api/portraits/thumb/women/18.jpg,7bbe9712-8ae9-43ac-868f-ca773efad18f,6168,"Continuación Mares","Bella Vista del Río",Chihuahua,Mexico,56598,26.978200,94.790900,+9:00,"Tokyo, Seoul, Osaka, Sapporo, Yakutsk"
female,Ms,Fátima,Santos,fatima.santos@example.com,5ecdf614-8d47-4c33-aec9-8d59db4a883f,organicleopard875,romero,1qEWmoA5,d954f4eeca64b257f5ea22bcb12cfed5,5c0b7c6b07f5b2599279ed5debb598b8ecc47bc2,8425da687a233c9a4c72a4a158bd8eebdd29a1cdd2ce423262b954ff934f08c8,1965-09-04,58,2013-08-28,10,972-655-292,622-322-400,DNI,98482044-G,ES,5ecdf614-8d47-4c33-aec9-8d59db4a883f,https://randomuser.me/api/portraits/women/84.jpg,https://randomuser.me/api/portraits/med/women/84.jpg,https://randomuser.me/api/portraits/thumb/women/84.jpg,5ecdf614-8d47-4c33-aec9-8d59db4a883f,9378,"Calle de Arturo Soria",Barcelona,"Castilla la Mancha",Spain,58575,-38.091200,84.805800,+8:00,"Beijing, Perth, Singapore, Hong Kong"
female,Mrs,Vicki,Castro,vicki.castro@example.com,f27461f9-f4b8-4415-ada5-4ba50ddefadc,greenfish748,nancy1,rTHqgui2,0c92805b0eb8a5857cf0781c2c009147,5df821f4c86c4b4c256f3e05313da640af823db2,ce16c92634f031b138418af8163e478bfbcd7e48b14d3832e9f99871e1c642b4,1983-02-05,41,2009-05-02,15,"015242 93989","07812 766227",NINO,"AZ 67 01 28 U",GB,f27461f9-f4b8-4415-ada5-4ba50ddefadc,https://randomuser.me/api/portraits/women/5.jpg,https://randomuser.me/api/portraits/med/women/5.jpg,https://randomuser.me/api/portraits/thumb/women/5.jpg,f27461f9-f4b8-4415-ada5-4ba50ddefadc,3966,"Bridge Road",York,Lothian,"United Kingdom",Z36NA,-4.685500,153.237800,-4:00,"Atlantic Time (Canada), Caracas, La Paz"
male,Mr,Hugo,Boye,hugo.boye@example.com,5197e5fc-ee94-4f0a-86f3-73a845585f10,yellowduck530,highheel,55Jq7aQF,b7220c860911d3b5cdb9ed175e4113b2,172d791d7a581d14d470c49d3bdc6b60570f2f2e,da1831a32ad878e85c8a2f7a414ff0412bf4f612e72b020224ffb49bd89452d2,1958-10-05,65,2015-02-15,9,33353900,99894298,FN,05105829118,NO,5197e5fc-ee94-4f0a-86f3-73a845585f10,https://randomuser.me/api/portraits/men/50.jpg,https://randomuser.me/api/portraits/med/men/50.jpg,https://randomuser.me/api/portraits/thumb/men/50.jpg,5197e5fc-ee94-4f0a-86f3-73a845585f10,4425,"Toftes gate",Jessheim,Vestfold,Norway,8074,45.135300,-14.387400,+4:00,"Abu Dhabi, Muscat, Baku, Tbilisi"
female,Miss,Mabel,Brown,mabel.brown@example.com,a109c599-2b8c-4476-b2e6-f6e4ac39267c,greenwolf466,swimmer,UHVsByDj,11ddf0c54dc169819bdacac831036d8a,8b3f60aa6579bb527bcc41719075b39abb8fe3b2,d2318b757bd0f508a0d0df8e8aeda1ee3a6e554fd8ddcc5558c6079727f1e851,1994-12-31,29,2007-07-12,17,"(825) 334-7425","(950) 809-8766",SSN,291-13-0689,US,a109c599-2b8c-4476-b2e6-f6e4ac39267c,https://randomuser.me/api/portraits/women/65.jpg,https://randomuser.me/api/portraits/med/women/65.jpg,https://randomuser.me/api/portraits/thumb/women/65.jpg,a109c599-2b8c-4476-b2e6-f6e4ac39267c,7558,"Green Rd","North Las Vegas","New Mexico","United States",24341,85.184800,129.621500,+3:30,Tehran
male,Mr,Ishaan,Prabhakaran,ishaan.prabhakaran@example.com,7a60c639-1c72-4f37-b334-fe0c2ce9b4ed,brownelephant992,capone,fUBi0pCm,efb84be0be22c1e12e8207ce3b761853,4a2cde6211ae22029fea8c3d863651b7c578f85f,7a49cfb10b1a0c2896b39db241eea075db8dc9d8ed66c9f3b7135196cceb203d,1997-11-06,26,2002-08-17,21,7786739806,7451617088,UIDAI,088085982984,IN,7a60c639-1c72-4f37-b334-fe0c2ce9b4ed,https://randomuser.me/api/portraits/men/75.jpg,https://randomuser.me/api/portraits/med/men/75.jpg,https://randomuser.me/api/portraits/thumb/men/75.jpg,7a60c639-1c72-4f37-b334-fe0c2ce9b4ed,86,"Ratha Bheedi",Hubli–Dharwad,"Daman and Diu",India,64226,11.266400,-121.612600,-2:00,Mid-Atlantic
female,Miss,Melike,Tuğluk,melike.tugluk@example.com,ad2fe4f3-eb86-48fd-9bcb-7a2972b6cf06,sadladybug662,scissors,TIyG8Z1T,73febbe498e3f8d84e6e9a7eafc14e85,f807106b69738bac6f3d9d7f9772d7e5e1c7798a,cdc6c2e6ff60544f72be73eac31895ba3d96162dc304532d3738c3abb3f23eca,1955-03-17,69,2014-02-18,10,(173)-790-4574,(814)-700-4680,,NULL,TR,ad2fe4f3-eb86-48fd-9bcb-7a2972b6cf06,https://randomuser.me/api/portraits/women/46.jpg,https://randomuser.me/api/portraits/med/women/46.jpg,https://randomuser.me/api/portraits/thumb/women/46.jpg,ad2fe4f3-eb86-48fd-9bcb-7a2972b6cf06,8781,"Talak Göktepe Cd",Yalova,Çanakkale,Turkey,89921,69.846500,83.448800,+10:00,"Eastern Australia, Guam, Vladivostok"
female,Miss,Olivia,Kuusisto,olivia.kuusisto@example.com,b649d83f-f8bc-47df-93fa-57c853d8b5d3,redfrog494,werewolf,GSXCZ9vn,ba180111a6d9cf2df223d6a79cea0b83,ff7ad532430df0b30e107c006d63c9f3b44023bf,2c1e64f23b2a553aa556d08e01ec9d9f8814bf01b3b0b4cc8786faa90ca5acfe,1987-07-25,36,2012-04-24,12,03-857-381,041-356-52-01,HETU,NaNNA960undefined,FI,b649d83f-f8bc-47df-93fa-57c853d8b5d3,https://randomuser.me/api/portraits/women/33.jpg,https://randomuser.me/api/portraits/med/women/33.jpg,https://randomuser.me/api/portraits/thumb/women/33.jpg,b649d83f-f8bc-47df-93fa-57c853d8b5d3,8425,Otavalankatu,Juva,Åland,Finland,96499,-27.714200,28.825100,+4:00,"Abu Dhabi, Muscat, Baku, Tbilisi"
male,Mr,Alfonso,Gutiérrez,alfonso.gutierrez@example.com,16ac5586-0c1b-4ee1-ac48-1d9061142e6b,crazylion176,rightnow,cYhR43gA,f158a325aab035dc12d1bcd19ccfea2c,c50375f6a22c4fdfae3abfa677ec011be6729187,fbac34e36b0f7907883d6169d0812c3acf72f0c7e364ea7ff5f5f04b09249c41,1991-09-16,32,2014-01-25,10,940-031-847,669-310-621,DNI,07700494-B,ES,16ac5586-0c1b-4ee1-ac48-1d9061142e6b,https://randomuser.me/api/portraits/men/4.jpg,https://randomuser.me/api/portraits/med/men/4.jpg,https://randomuser.me/api/portraits/thumb/men/4.jpg,16ac5586-0c1b-4ee1-ac48-1d9061142e6b,7941,"Calle de Argumosa","Hospitalet de Llobregat","Comunidad Valenciana",Spain,48399,-37.158800,-13.758800,+4:00,"Abu Dhabi, Muscat, Baku, Tbilisi"
female,Mrs,Clémence,Dumont,clemence.dumont@example.com,338cf56b-f0df-4607-95a0-5500d1989989,angrygoose386,paper,c27yaDJt,f1fce362915118967a4c81318d3af921,2baa35deac6324695ed301f344b9e11e687ed8ae,33b27de7947f45948687e7b06aff605430ca8dfde321fa2a2bace3aff04f9fc7,1947-06-08,77,2002-08-20,21,01-65-55-56-98,06-12-78-87-92,INSEE,"2470534506369 28",FR,338cf56b-f0df-4607-95a0-5500d1989989,https://randomuser.me/api/portraits/women/79.jpg,https://randomuser.me/api/portraits/med/women/79.jpg,https://randomuser.me/api/portraits/thumb/women/79.jpg,338cf56b-f0df-4607-95a0-5500d1989989,9700,"Quai Chauveau","Le Mans",Nièvre,France,94908,-18.119200,160.118500,+6:00,"Almaty, Dhaka, Colombo"
male,Mr,Nelson,Sims,nelson.sims@example.com,bd541fb7-58ac-4f3f-a770-38285dcb8895,heavybird297,hongkong,uIOX7n8j,15ed8abaf40430980b1bf9607948ee19,4526df1f1cd5099f1214a547b99ee4cbe0920785,b506292822db4450acb99c906f6370d749ad09d795b6c64b6646ca167a5f9c3a,1973-12-07,50,2004-11-10,19,03-8775-5630,0401-616-910,TFN,550577965,AU,bd541fb7-58ac-4f3f-a770-38285dcb8895,https://randomuser.me/api/portraits/men/56.jpg,https://randomuser.me/api/portraits/med/men/56.jpg,https://randomuser.me/api/portraits/thumb/men/56.jpg,bd541fb7-58ac-4f3f-a770-38285dcb8895,2933,"Camden Ave",Warragul,Tasmania,Australia,6170,-88.442500,-100.929200,-3:00,"Brazil, Buenos Aires, Georgetown"
female,Miss,Pascale,Theunisz,pascale.theunisz@example.com,bb39cc33-a04f-4e53-8e5e-7d7e62fe7d9b,whiteladybug885,football,cq85umW6,9573b7d992bb550304addd949e4e9d73,8c1477e7a37cfed3d1d1bf8e6632bfbbd74aca65,a6e2540440c33587fcc6e4cf1a2676a8420e0413c40816dd303286bccee04e17,1972-05-06,52,2020-05-24,4,"(0115) 119470","(06) 06186324",BSN,59879072,NL,bb39cc33-a04f-4e53-8e5e-7d7e62fe7d9b,https://randomuser.me/api/portraits/women/41.jpg,https://randomuser.me/api/portraits/med/women/41.jpg,https://randomuser.me/api/portraits/thumb/women/41.jpg,bb39cc33-a04f-4e53-8e5e-7d7e62fe7d9b,7815,Hordenpad,Ellecom,Friesland,Netherlands,6376NY,36.361500,143.106600,+4:00,"Abu Dhabi, Muscat, Baku, Tbilisi"
male,Mr,William,Brown,william.brown@example.com,f22427e5-c496-43dc-b7b9-e668b5750175,sadmeercat917,internet,UsLymZU8,03d37d96de3267da571971af212515b7,0dc59ade8cf4020ece9b8742999cf02c02867d47,bd38dc4746191761c4432b3365249fce468848d9aaaa0079082117a8648093d2,1967-05-18,57,2010-02-07,14,"S34 I00-4314","B85 K95-6790",SIN,492492681,CA,f22427e5-c496-43dc-b7b9-e668b5750175,https://randomuser.me/api/portraits/men/53.jpg,https://randomuser.me/api/portraits/med/men/53.jpg,https://randomuser.me/api/portraits/thumb/men/53.jpg,f22427e5-c496-43dc-b7b9-e668b5750175,3100,"Argyle St",Killarney,Saskatchewan,Canada,Z6N4K5,-71.752200,-84.679100,-8:00,"Pacific Time (US & Canada)"
male,Mr,Derrick,Howell,derrick.howell@example.com,46d81c68-fdce-4234-90f9-c4a019bc9c9b,whitemeercat806,1216,82V4iotL,7d769ac316dea529ec5f620bfd0b6447,624c6494ecd9ec9f3234a875df35e8b50c48f015,bea1be64f19e838444ed5ea2a80ff3bb331abfacc7c681b5653581b42b57cab0,1961-10-09,62,2015-05-31,9,"(257) 857-6789","(367) 651-5748",SSN,387-60-4275,US,46d81c68-fdce-4234-90f9-c4a019bc9c9b,https://randomuser.me/api/portraits/men/5.jpg,https://randomuser.me/api/portraits/med/men/5.jpg,https://randomuser.me/api/portraits/thumb/men/5.jpg,46d81c68-fdce-4234-90f9-c4a019bc9c9b,5522,"College St","San Bernardino",Michigan,"United States",60153,84.618500,-13.600800,+7:00,"Bangkok, Hanoi, Jakarta"
female,Mrs,Jasmina,Kalinić,jasmina.kalinic@example.com,549e8330-dc4e-4cbf-83d4-c34e4ca40ba7,crazypeacock271,summer,Ur5WT8cl,00c15a1daf599693dc914c5f8fb17cee,d1ed75fe9bd3ec5853f32f1c4e71806c14a1607a,ded54af7d6fb29052948ba4d3f04537df919f166626879a0b7f2672d24fc1392,1959-05-05,65,2020-04-13,4,036-2066-478,069-1652-958,SID,787292833,RS,549e8330-dc4e-4cbf-83d4-c34e4ca40ba7,https://randomuser.me/api/portraits/women/27.jpg,https://randomuser.me/api/portraits/med/women/27.jpg,https://randomuser.me/api/portraits/thumb/women/27.jpg,549e8330-dc4e-4cbf-83d4-c34e4ca40ba7,5622,Drsnička,Dimitrovgrad,Braničevo,Serbia,84414,59.426400,164.858000,+9:00,"Tokyo, Seoul, Osaka, Sapporo, Yakutsk"
male,Mr,Nuno,Oliveira,nuno.oliveira@example.com,bb6f9b90-ad9c-42d3-8631-96190d8a1f07,browncat662,getmoney,O1MVj2pq,baeffc58e1400e9aa7d1e0e1dc1bf29d,20aa9f38ecde47231110e474809696ca442207fa,b3d42770b028b55428240af17d875fedc89b2468dfdfff3e640b00b45c55c021,1967-02-17,57,2004-02-08,20,"(08) 5619-0411","(48) 7161-5839",CPF,341.912.244-76,BR,bb6f9b90-ad9c-42d3-8631-96190d8a1f07,https://randomuser.me/api/portraits/men/58.jpg,https://randomuser.me/api/portraits/med/men/58.jpg,https://randomuser.me/api/portraits/thumb/men/58.jpg,bb6f9b90-ad9c-42d3-8631-96190d8a1f07,9486,"Rua Quinze de Novembro ","Praia Grande",Pará,Brazil,14999,-73.993500,-175.503100,-1:00,"Azores, Cape Verde Islands"
female,Ms,Ella,Wright,ella.wright@example.com,3fb06456-ea71-4f2e-ac61-436e7821a26d,bigelephant274,galaxy,OCf9j4kV,95dfeed2edb39dc5a107052f0c56f707,62c4579a0eded50dc44bfd0763761feb537f36b1,c7e32bd28899d1e91de3a67c7b58959bd87e1529207f510313ce619f98fde7bf,1968-12-29,55,2020-11-27,3,(510)-614-8704,(779)-075-0020,,NULL,NZ,3fb06456-ea71-4f2e-ac61-436e7821a26d,https://randomuser.me/api/portraits/women/47.jpg,https://randomuser.me/api/portraits/med/women/47.jpg,https://randomuser.me/api/portraits/thumb/women/47.jpg,3fb06456-ea71-4f2e-ac61-436e7821a26d,4115,"Esk Street",Invercargill,Marlborough,"New Zealand",93135,47.264900,120.415400,-12:00,"Eniwetok, Kwajalein"
male,Mr,Charlie,Foster,charlie.foster@example.com,246b47f2-4733-4c28-ac74-5c76132fe8c1,lazyelephant433,screamer,sCooVkIk,ed6b555f9e21bc158493068d8ed5663c,4b7d0cbdf6a85468ee40b47f7276c077162aabed,8450e2324c7bc3d0505a1417023f754d81adfed888e9f0411caaca7ae972d271,1987-06-26,37,2012-04-07,12,"(221) 995-7141","(664) 935-9597",SSN,488-22-1685,US,246b47f2-4733-4c28-ac74-5c76132fe8c1,https://randomuser.me/api/portraits/men/40.jpg,https://randomuser.me/api/portraits/med/men/40.jpg,https://randomuser.me/api/portraits/thumb/men/40.jpg,246b47f2-4733-4c28-ac74-5c76132fe8c1,7028,"First Street",Lakeland,Wyoming,"United States",24640,82.012300,-158.815700,-1:00,"Azores, Cape Verde Islands"
female,Ms,Olivia,Thompson,olivia.thompson@example.com,decded60-7756-41fe-ac2a-ab87ac7830ab,redmouse738,building,DtAh766X,e66c2cfba37ee43b52a0a7bba360a0d2,99a345d61e27892a1491b237c52036696b0528bc,ab54abce94b475f17f5392ab0981237d8ac6358fe5b1114cfddcce660062cbbb,1974-09-03,49,2012-03-07,12,"T45 F06-7816","V08 L49-5782",SIN,630641124,CA,decded60-7756-41fe-ac2a-ab87ac7830ab,https://randomuser.me/api/portraits/women/61.jpg,https://randomuser.me/api/portraits/med/women/61.jpg,https://randomuser.me/api/portraits/thumb/women/61.jpg,decded60-7756-41fe-ac2a-ab87ac7830ab,9030,"Simcoe St",Greenwood,Alberta,Canada,R2M9K0,-70.277900,90.220600,+7:00,"Bangkok, Hanoi, Jakarta"
male,Mr,Kadir,Öztürk,kadir.ozturk@example.com,7f7290e9-2ca3-4f7a-90ef-7642b9f18eab,whitezebra508,000001,kXMl8DOh,670d911573543f6ff1ce38033098460b,687e6bb2ee19335fa607c42225d8d3eabbf46bd9,90d2993afb32537cb8058178ff6fc8a2542ea89e1d49d0cd12af3c9e06d2e899,1968-06-05,56,2007-06-17,17,(769)-158-6757,(461)-681-2010,,NULL,TR,7f7290e9-2ca3-4f7a-90ef-7642b9f18eab,https://randomuser.me/api/portraits/men/16.jpg,https://randomuser.me/api/portraits/med/men/16.jpg,https://randomuser.me/api/portraits/thumb/men/16.jpg,7f7290e9-2ca3-4f7a-90ef-7642b9f18eab,1610,"Filistin Cd",Afyonkarahisar,Batman,Turkey,64807,65.634400,-125.034300,+1:00,"Brussels, Copenhagen, Madrid, Paris"
female,Ms,Estela,Bustos,estela.bustos@example.com,51d1755f-b119-49c0-959b-ff32d73b1bea,sadwolf985,marjorie,eeJKWc2u,3d8edf25e3f591cdd2d3d95079abf673,33c7b61108e02ef93ccd23a381b99ce2134ae88b,2197b45c0dd1b51068af18cf88fd5f7604d544a094c23c1bab5b93ac4735a20f,1956-04-25,68,2004-10-08,19,"(641) 707 9664","(699) 495 6359",NSS,"06 64 98 6347 8",MX,51d1755f-b119-49c0-959b-ff32d73b1bea,https://randomuser.me/api/portraits/women/81.jpg,https://randomuser.me/api/portraits/med/women/81.jpg,https://randomuser.me/api/portraits/thumb/women/81.jpg,51d1755f-b119-49c0-959b-ff32d73b1bea,4420,"Cerrada Sur Valverde",Huepac,Yucatan,Mexico,73065,28.464400,109.490800,-10:00,Hawaii
female,Ms,Ülkü,Çörekçi,ulku.corekci@example.com,debce1c2-b061-4f8d-8db9-87283491a1d9,purplelion512,redsox,bzf7G2FZ,ee50a7aeb7d4da31ca98a33de21abe83,80970276fe872062afb9d0e1ba7faecc6d086823,9256eca0b9ed513110cdc6fd7c6efe9b359701160f74775a27af7dff641929c6,1951-10-08,72,2012-08-13,11,(261)-608-6157,(311)-377-4419,,NULL,TR,debce1c2-b061-4f8d-8db9-87283491a1d9,https://randomuser.me/api/portraits/women/21.jpg,https://randomuser.me/api/portraits/med/women/21.jpg,https://randomuser.me/api/portraits/thumb/women/21.jpg,debce1c2-b061-4f8d-8db9-87283491a1d9,9111,"Anafartalar Cd",Tunceli,Burdur,Turkey,72172,72.115600,121.371600,+5:45,Kathmandu
female,Miss,Ege,Kumcuoğlu,ege.kumcuoglu@example.com,48329610-f5d2-4189-a169-ec42f6546db6,organicwolf782,heels,wYifILzg,20e999b1031bd90c45bf662d2777cb12,46b436edbe4fe799fe52b5d07b60c62917b09fa8,89d1502d413ec7f7d1586b0d7d025239036f07ad89a78550445519f770f52b78,1961-11-01,62,2005-02-14,19,(332)-386-3555,(456)-378-4310,,NULL,TR,48329610-f5d2-4189-a169-ec42f6546db6,https://randomuser.me/api/portraits/women/91.jpg,https://randomuser.me/api/portraits/med/women/91.jpg,https://randomuser.me/api/portraits/thumb/women/91.jpg,48329610-f5d2-4189-a169-ec42f6546db6,5821,"Abanoz Sk",Balıkesir,Ağrı,Turkey,95393,71.204000,21.853600,-8:00,"Pacific Time (US & Canada)"
female,Ms,Ronja,Tuomala,ronja.tuomala@example.com,ced8cbd7-1e91-46c2-b877-a12740cec5ba,lazyostrich209,house1,3LhxVk8F,647ce7bc6d37512544a9ec6348061546,b4bf8b887aa5dc06e787567c2efdeb9605d0af59,5d7e5687a5fd6d1b9f8e31e5ce3726c8628b37a2ad92e1b13fee0f2e5a026e4d,1953-03-28,71,2011-01-28,13,02-887-376,049-426-39-68,HETU,NaNNA776undefined,FI,ced8cbd7-1e91-46c2-b877-a12740cec5ba,https://randomuser.me/api/portraits/women/28.jpg,https://randomuser.me/api/portraits/med/women/28.jpg,https://randomuser.me/api/portraits/thumb/women/28.jpg,ced8cbd7-1e91-46c2-b877-a12740cec5ba,8078,Rotuaari,Sund,Ostrobothnia,Finland,21004,-23.882300,40.190800,+2:00,"Kaliningrad, South Africa"
female,Miss,Conchita,Nieto,conchita.nieto@example.com,395bb7ff-0323-4daf-9823-bbdcacc3d842,bluepanda744,boeing,nkn2N8YF,ab488d1171b530ad33731fecf7f5c136,7222b974b18032220f74136e3d6a10cfedfa9c39,ac524abea4617bff579bb485136cb45682036bb0df7e94f0d8156f4908b2494c,1991-05-17,33,2018-05-17,6,"(687) 285 2139","(668) 388 7726",NSS,"41 23 96 3682 8",MX,395bb7ff-0323-4daf-9823-bbdcacc3d842,https://randomuser.me/api/portraits/women/61.jpg,https://randomuser.me/api/portraits/med/women/61.jpg,https://randomuser.me/api/portraits/thumb/women/61.jpg,395bb7ff-0323-4daf-9823-bbdcacc3d842,7491,"Continuación Mares","Villa Hermosa",Yucatan,Mexico,13430,29.501600,21.413800,+5:30,"Bombay, Calcutta, Madras, New Delhi"
female,Ms,Emma,Moulin,emma.moulin@example.com,5be47521-f829-4b5a-a22c-7f993c682059,silverladybug953,bobafett,HkJRuMxi,52258395265c07c941c4969a5b4a36e7,62186081e17dd26bc150c2355d768a5f73b5331f,b16f9c14eef738d8ac47dfd084366719e1eccd6804f1e28c0fcff7a372e7d234,1977-11-01,46,2014-08-17,9,05-45-10-35-06,06-79-64-16-89,INSEE,"2771048477435 34",FR,5be47521-f829-4b5a-a22c-7f993c682059,https://randomuser.me/api/portraits/women/21.jpg,https://randomuser.me/api/portraits/med/women/21.jpg,https://randomuser.me/api/portraits/thumb/women/21.jpg,5be47521-f829-4b5a-a22c-7f993c682059,4864,"Rue Abel-Hovelacque",Besançon,Bas-Rhin,France,98579,-17.074500,136.097300,-5:00,"Eastern Time (US & Canada), Bogota, Lima"
